Report Date,Country name,Cumulative Total,Cumulative Land,Cumulative Sea
05/Jan/17,Bulgaria,24,24,n/a
12/Jan/17,Bulgaria,38,38,n/a
19/Jan/17,Bulgaria,42,42,n/a
26/Jan/17,Bulgaria,48,48,n/a
02/Feb/17,Bulgaria,64,64,n/a
09/Feb/17,Bulgaria,77,77,n/a
16/Feb/17,Bulgaria,89,89,n/a
23/Feb/17,Bulgaria,98,98,n/a
02/Mar/17,Bulgaria,119,119,n/a
09/Mar/17,Bulgaria,153,153,n/a
16/Mar/17,Bulgaria,198,198,n/a
23/Mar/17,Bulgaria,232,232,n/a
30/Mar/17,Bulgaria,256,256,n/a
06/Apr/17,Bulgaria,286,286,n/a
13/Apr/17,Bulgaria,288,288,n/a
20/Apr/17,Bulgaria,300,300,n/a
27/Apr/17,Bulgaria,326,326,n/a
04/May/17,Bulgaria,351,351,n/a
11/May/17,Bulgaria,358,358,n/a
18/May/17,Bulgaria,362,362,n/a
25/May/17,Bulgaria,366,366,n/a
31/May/17,Bulgaria,367,367,n/a
08/Jun/17,Bulgaria,369,369,n/a
15/Jun/17,Bulgaria,373,373,n/a
22/Jun/17,Bulgaria,379,377,n/a
29/Jun/17,Bulgaria,380,391,n/a
06/Jul/17,Bulgaria,381,381,n/a
13/Jul/17,Bulgaria,390,390,n/a
20/Jul/17,Bulgaria,417,417,n/a
27/Jul/17,Bulgaria,440,440,n/a
03/Aug/17,Bulgaria,441,441,n/a
10/Aug/17,Bulgaria,447,447,n/a
17/Aug/17,Bulgaria,450,450,n/a
24/Aug/17,Bulgaria,484,484,n/a
31/Aug/17,Bulgaria,490,490,n/a
07/Sep/17,Bulgaria,503,503,n/a
14/Sep/17,Bulgaria,538,538,n/a
21/Sep/17,Bulgaria,540,540,n/a
28/Sep/17,Bulgaria,545,545,n/a
05/Oct/17,Bulgaria,551,551,n/a
12/Oct/17,Bulgaria,555,555,n/a
19/Oct/17,Bulgaria,557,557,n/a
26/Oct/17,Bulgaria,559,559,n/a
31/Oct/17,Bulgaria,591,591,n/a
02/Nov/17,Bulgaria,596,596,n/a
09/Nov/17,Bulgaria,596,596,n/a
16/Nov/17,Bulgaria,606,606,n/a
23/Nov/17,Bulgaria,610,610,n/a
30/Nov/17,Bulgaria,630,630,n/a
07/Dec/17,Bulgaria,633,633,n/a
14/Dec/17,Bulgaria,636,636,n/a
21/Dec/17,Bulgaria,648,648,n/a
28/Dec/17,Bulgaria,652,652,n/a
01/Jan/17,Cyprus,0,n/a,0
02/Jan/17,Cyprus,0,n/a,0
03/Jan/17,Cyprus,0,n/a,0
04/Jan/17,Cyprus,0,n/a,0
05/Jan/17,Cyprus,0,n/a,0
06/Jan/17,Cyprus,0,n/a,0
07/Jan/17,Cyprus,0,n/a,0
08/Jan/17,Cyprus,0,n/a,0
09/Jan/17,Cyprus,0,n/a,0
10/Jan/17,Cyprus,0,n/a,0
11/Jan/17,Cyprus,0,n/a,0
12/Jan/17,Cyprus,0,n/a,0
13/Jan/17,Cyprus,0,n/a,0
14/Jan/17,Cyprus,0,n/a,0
15/Jan/17,Cyprus,0,n/a,0
16/Jan/17,Cyprus,0,n/a,0
17/Jan/17,Cyprus,0,n/a,0
18/Jan/17,Cyprus,0,n/a,0
19/Jan/17,Cyprus,0,n/a,0
20/Jan/17,Cyprus,0,n/a,0
21/Jan/17,Cyprus,0,n/a,0
22/Jan/17,Cyprus,0,n/a,0
23/Jan/17,Cyprus,0,n/a,0
24/Jan/17,Cyprus,0,n/a,0
25/Jan/17,Cyprus,0,n/a,0
26/Jan/17,Cyprus,0,n/a,0
27/Jan/17,Cyprus,0,n/a,0
28/Jan/17,Cyprus,0,n/a,0
29/Jan/17,Cyprus,0,n/a,0
30/Jan/17,Cyprus,0,n/a,0
31/Jan/17,Cyprus,0,n/a,0
01/Feb/17,Cyprus,0,n/a,0
02/Feb/17,Cyprus,0,n/a,0
03/Feb/17,Cyprus,93,n/a,93
04/Feb/17,Cyprus,93,n/a,93
05/Feb/17,Cyprus,93,n/a,93
06/Feb/17,Cyprus,93,n/a,93
07/Feb/17,Cyprus,93,n/a,93
08/Feb/17,Cyprus,93,n/a,93
09/Feb/17,Cyprus,93,n/a,93
10/Feb/17,Cyprus,93,n/a,93
11/Feb/17,Cyprus,93,n/a,93
12/Feb/17,Cyprus,93,n/a,93
13/Feb/17,Cyprus,93,n/a,93
14/Feb/17,Cyprus,93,n/a,93
15/Feb/17,Cyprus,93,n/a,93
16/Feb/17,Cyprus,93,n/a,93
17/Feb/17,Cyprus,93,n/a,93
18/Feb/17,Cyprus,93,n/a,93
19/Feb/17,Cyprus,96,n/a,96
20/Feb/17,Cyprus,96,n/a,96
21/Feb/17,Cyprus,96,n/a,96
22/Feb/17,Cyprus,96,n/a,96
23/Feb/17,Cyprus,96,n/a,96
24/Feb/17,Cyprus,96,n/a,96
25/Feb/17,Cyprus,96,n/a,96
26/Feb/17,Cyprus,96,n/a,96
27/Feb/17,Cyprus,96,n/a,96
28/Feb/17,Cyprus,96,n/a,96
01/Mar/17,Cyprus,96,n/a,96
02/Mar/17,Cyprus,96,n/a,96
03/Mar/17,Cyprus,96,n/a,96
04/Mar/17,Cyprus,96,n/a,96
05/Mar/17,Cyprus,96,n/a,96
06/Mar/17,Cyprus,96,n/a,96
07/Mar/17,Cyprus,133,n/a,133
08/Mar/17,Cyprus,133,n/a,133
09/Mar/17,Cyprus,133,n/a,133
10/Mar/17,Cyprus,133,n/a,133
11/Mar/17,Cyprus,133,n/a,133
12/Mar/17,Cyprus,133,n/a,133
13/Mar/17,Cyprus,133,n/a,133
14/Mar/17,Cyprus,133,n/a,133
15/Mar/17,Cyprus,133,n/a,133
16/Mar/17,Cyprus,133,n/a,133
17/Mar/17,Cyprus,133,n/a,133
18/Mar/17,Cyprus,133,n/a,133
19/Mar/17,Cyprus,133,n/a,133
20/Mar/17,Cyprus,133,n/a,133
21/Mar/17,Cyprus,133,n/a,133
22/Mar/17,Cyprus,151,n/a,151
23/Mar/17,Cyprus,158,n/a,158
24/Mar/17,Cyprus,158,n/a,158
25/Mar/17,Cyprus,158,n/a,158
26/Mar/17,Cyprus,158,n/a,158
27/Mar/17,Cyprus,158,n/a,158
28/Mar/17,Cyprus,158,n/a,158
29/Mar/17,Cyprus,250,n/a,250
30/Mar/17,Cyprus,250,n/a,250
31/Mar/17,Cyprus,250,n/a,250
01/Apr/17,Cyprus,250,n/a,250
02/Apr/17,Cyprus,250,n/a,250
03/Apr/17,Cyprus,250,n/a,250
04/Apr/17,Cyprus,250,n/a,250
05/Apr/17,Cyprus,250,n/a,250
06/Apr/17,Cyprus,250,n/a,250
07/Apr/17,Cyprus,250,n/a,250
08/Apr/17,Cyprus,250,n/a,250
09/Apr/17,Cyprus,250,n/a,250
10/Apr/17,Cyprus,256,n/a,256
11/Apr/17,Cyprus,273,n/a,273
12/Apr/17,Cyprus,273,n/a,273
13/Apr/17,Cyprus,273,n/a,273
14/Apr/17,Cyprus,273,n/a,273
15/Apr/17,Cyprus,273,n/a,273
16/Apr/17,Cyprus,273,n/a,273
17/Apr/17,Cyprus,273,n/a,273
18/Apr/17,Cyprus,273,n/a,273
19/Apr/17,Cyprus,273,n/a,273
20/Apr/17,Cyprus,273,n/a,273
21/Apr/17,Cyprus,273,n/a,273
22/Apr/17,Cyprus,273,n/a,273
23/Apr/17,Cyprus,273,n/a,273
24/Apr/17,Cyprus,273,n/a,273
25/Apr/17,Cyprus,273,n/a,273
26/Apr/17,Cyprus,273,n/a,273
27/Apr/17,Cyprus,273,n/a,273
28/Apr/17,Cyprus,273,n/a,273
29/Apr/17,Cyprus,273,n/a,273
30/Apr/17,Cyprus,273,n/a,273
01/May/17,Cyprus,273,n/a,273
02/May/17,Cyprus,273,n/a,273
03/May/17,Cyprus,273,n/a,273
04/May/17,Cyprus,273,n/a,273
05/May/17,Cyprus,273,n/a,273
06/May/17,Cyprus,273,n/a,273
07/May/17,Cyprus,273,n/a,273
08/May/17,Cyprus,273,n/a,273
09/May/17,Cyprus,273,n/a,273
10/May/17,Cyprus,273,n/a,273
11/May/17,Cyprus,273,n/a,273
12/May/17,Cyprus,273,n/a,273
13/May/17,Cyprus,273,n/a,273
14/May/17,Cyprus,273,n/a,273
15/May/17,Cyprus,273,n/a,273
16/May/17,Cyprus,273,n/a,273
17/May/17,Cyprus,273,n/a,273
18/May/17,Cyprus,273,n/a,273
19/May/17,Cyprus,273,n/a,273
20/May/17,Cyprus,273,n/a,273
21/May/17,Cyprus,273,n/a,273
22/May/17,Cyprus,273,n/a,273
23/May/17,Cyprus,273,n/a,273
24/May/17,Cyprus,273,n/a,273
25/May/17,Cyprus,273,n/a,273
26/May/17,Cyprus,273,n/a,273
27/May/17,Cyprus,273,n/a,273
28/May/17,Cyprus,273,n/a,273
29/May/17,Cyprus,273,n/a,273
30/May/17,Cyprus,273,n/a,273
31/May/17,Cyprus,273,n/a,273
01/Jun/17,Cyprus,273,n/a,273
02/Jun/17,Cyprus,273,n/a,273
03/Jun/17,Cyprus,273,n/a,273
04/Jun/17,Cyprus,273,n/a,273
05/Jun/17,Cyprus,273,n/a,273
06/Jun/17,Cyprus,273,n/a,273
07/Jun/17,Cyprus,273,n/a,273
08/Jun/17,Cyprus,273,n/a,273
09/Jun/17,Cyprus,273,n/a,273
10/Jun/17,Cyprus,273,n/a,273
11/Jun/17,Cyprus,273,n/a,273
12/Jun/17,Cyprus,273,n/a,273
13/Jun/17,Cyprus,273,n/a,273
14/Jun/17,Cyprus,273,n/a,273
15/Jun/17,Cyprus,273,n/a,273
16/Jun/17,Cyprus,273,n/a,273
17/Jun/17,Cyprus,273,n/a,273
18/Jun/17,Cyprus,273,n/a,273
19/Jun/17,Cyprus,273,n/a,273
20/Jun/17,Cyprus,273,n/a,273
21/Jun/17,Cyprus,273,n/a,273
22/Jun/17,Cyprus,273,n/a,273
23/Jun/17,Cyprus,273,n/a,273
24/Jun/17,Cyprus,273,n/a,273
25/Jun/17,Cyprus,273,n/a,273
26/Jun/17,Cyprus,273,n/a,273
27/Jun/17,Cyprus,273,n/a,273
28/Jun/17,Cyprus,273,n/a,273
29/Jun/17,Cyprus,273,n/a,273
30/Jun/17,Cyprus,273,n/a,273
01/Jul/17,Cyprus,273,n/a,273
02/Jul/17,Cyprus,273,n/a,273
03/Jul/17,Cyprus,273,n/a,273
04/Jul/17,Cyprus,273,n/a,273
05/Jul/17,Cyprus,273,n/a,273
06/Jul/17,Cyprus,273,n/a,273
07/Jul/17,Cyprus,273,n/a,273
08/Jul/17,Cyprus,358,n/a,358
09/Jul/17,Cyprus,358,n/a,358
10/Jul/17,Cyprus,358,n/a,358
11/Jul/17,Cyprus,358,n/a,358
12/Jul/17,Cyprus,358,n/a,358
13/Jul/17,Cyprus,358,n/a,358
14/Jul/17,Cyprus,358,n/a,358
15/Jul/17,Cyprus,358,n/a,358
16/Jul/17,Cyprus,358,n/a,358
17/Jul/17,Cyprus,358,n/a,358
18/Jul/17,Cyprus,358,n/a,358
19/Jul/17,Cyprus,358,n/a,358
20/Jul/17,Cyprus,358,n/a,358
21/Jul/17,Cyprus,358,n/a,358
22/Jul/17,Cyprus,358,n/a,358
23/Jul/17,Cyprus,358,n/a,358
24/Jul/17,Cyprus,501,n/a,501
25/Jul/17,Cyprus,501,n/a,501
26/Jul/17,Cyprus,501,n/a,501
27/Jul/17,Cyprus,501,n/a,501
28/Jul/17,Cyprus,501,n/a,501
29/Jul/17,Cyprus,501,n/a,501
30/Jul/17,Cyprus,501,n/a,501
31/Jul/17,Cyprus,501,n/a,501
01/Aug/17,Cyprus,501,n/a,501
02/Aug/17,Cyprus,501,n/a,501
03/Aug/17,Cyprus,501,n/a,501
04/Aug/17,Cyprus,501,n/a,501
05/Aug/17,Cyprus,501,n/a,501
06/Aug/17,Cyprus,501,n/a,501
07/Aug/17,Cyprus,501,n/a,501
08/Aug/17,Cyprus,501,n/a,501
09/Aug/17,Cyprus,501,n/a,501
10/Aug/17,Cyprus,501,n/a,501
11/Aug/17,Cyprus,501,n/a,501
12/Aug/17,Cyprus,501,n/a,501
13/Aug/17,Cyprus,501,n/a,501
14/Aug/17,Cyprus,501,n/a,501
15/Aug/17,Cyprus,501,n/a,501
16/Aug/17,Cyprus,501,n/a,501
17/Aug/17,Cyprus,501,n/a,501
18/Aug/17,Cyprus,501,n/a,501
19/Aug/17,Cyprus,501,n/a,501
20/Aug/17,Cyprus,501,n/a,501
21/Aug/17,Cyprus,513,n/a,513
22/Aug/17,Cyprus,513,n/a,513
23/Aug/17,Cyprus,513,n/a,513
24/Aug/17,Cyprus,513,n/a,513
25/Aug/17,Cyprus,513,n/a,513
26/Aug/17,Cyprus,513,n/a,513
27/Aug/17,Cyprus,513,n/a,513
28/Aug/17,Cyprus,513,n/a,513
29/Aug/17,Cyprus,513,n/a,513
30/Aug/17,Cyprus,513,n/a,513
31/Aug/17,Cyprus,513,n/a,513
01/Sep/17,Cyprus,513,n/a,513
02/Sep/17,Cyprus,513,n/a,513
03/Sep/17,Cyprus,513,n/a,513
04/Sep/17,Cyprus,513,n/a,513
05/Sep/17,Cyprus,513,n/a,513
06/Sep/17,Cyprus,513,n/a,513
07/Sep/17,Cyprus,513,n/a,513
08/Sep/17,Cyprus,513,n/a,513
09/Sep/17,Cyprus,819,n/a,819
10/Sep/17,Cyprus,819,n/a,819
11/Sep/17,Cyprus,819,n/a,819
12/Sep/17,Cyprus,819,n/a,819
13/Sep/17,Cyprus,819,n/a,819
14/Sep/17,Cyprus,819,n/a,819
15/Sep/17,Cyprus,819,n/a,819
16/Sep/17,Cyprus,819,n/a,819
17/Sep/17,Cyprus,819,n/a,819
18/Sep/17,Cyprus,819,n/a,819
19/Sep/17,Cyprus,819,n/a,819
20/Sep/17,Cyprus,819,n/a,819
21/Sep/17,Cyprus,819,n/a,819
22/Sep/17,Cyprus,819,n/a,819
23/Sep/17,Cyprus,819,n/a,819
24/Sep/17,Cyprus,819,n/a,819
25/Sep/17,Cyprus,819,n/a,819
26/Sep/17,Cyprus,819,n/a,819
27/Sep/17,Cyprus,819,n/a,819
28/Sep/17,Cyprus,819,n/a,819
29/Sep/17,Cyprus,819,n/a,819
30/Sep/17,Cyprus,819,n/a,819
01/Oct/17,Cyprus,819,n/a,819
02/Oct/17,Cyprus,819,n/a,819
03/Oct/17,Cyprus,819,n/a,819
04/Oct/17,Cyprus,819,n/a,819
05/Oct/17,Cyprus,819,n/a,819
06/Oct/17,Cyprus,819,n/a,819
07/Oct/17,Cyprus,819,n/a,819
08/Oct/17,Cyprus,819,n/a,819
09/Oct/17,Cyprus,819,n/a,819
10/Oct/17,Cyprus,819,n/a,819
11/Oct/17,Cyprus,819,n/a,819
12/Oct/17,Cyprus,819,n/a,819
13/Oct/17,Cyprus,819,n/a,819
14/Oct/17,Cyprus,819,n/a,819
15/Oct/17,Cyprus,819,n/a,819
16/Oct/17,Cyprus,819,n/a,819
17/Oct/17,Cyprus,819,n/a,819
18/Oct/17,Cyprus,819,n/a,819
19/Oct/17,Cyprus,819,n/a,819
20/Oct/17,Cyprus,819,n/a,819
21/Oct/17,Cyprus,819,n/a,819
22/Oct/17,Cyprus,819,n/a,819
23/Oct/17,Cyprus,819,n/a,819
24/Oct/17,Cyprus,819,n/a,819
25/Oct/17,Cyprus,819,n/a,819
26/Oct/17,Cyprus,819,n/a,819
27/Oct/17,Cyprus,819,n/a,819
28/Oct/17,Cyprus,819,n/a,819
29/Oct/17,Cyprus,853,n/a,853
30/Oct/17,Cyprus,853,n/a,853
31/Oct/17,Cyprus,853,n/a,853
01/Nov/17,Cyprus,853,n/a,853
02/Nov/17,Cyprus,853,n/a,853
03/Nov/17,Cyprus,1029,n/a,1029
04/Nov/17,Cyprus,1029,n/a,1029
05/Nov/17,Cyprus,1029,n/a,1029
06/Nov/17,Cyprus,1029,n/a,1029
07/Nov/17,Cyprus,1029,n/a,1029
08/Nov/17,Cyprus,1029,n/a,1029
09/Nov/17,Cyprus,1029,n/a,1029
10/Nov/17,Cyprus,1029,n/a,1029
11/Nov/17,Cyprus,1029,n/a,1029
12/Nov/17,Cyprus,1029,n/a,1029
13/Nov/17,Cyprus,1029,n/a,1029
14/Nov/17,Cyprus,1029,n/a,1029
15/Nov/17,Cyprus,1029,n/a,1029
16/Nov/17,Cyprus,1029,n/a,1029
17/Nov/17,Cyprus,1029,n/a,1029
18/Nov/17,Cyprus,1029,n/a,1029
19/Nov/17,Cyprus,1029,n/a,1029
20/Nov/17,Cyprus,1029,n/a,1029
21/Nov/17,Cyprus,1029,n/a,1029
22/Nov/17,Cyprus,1029,n/a,1029
23/Nov/17,Cyprus,1029,n/a,1029
24/Nov/17,Cyprus,1029,n/a,1029
25/Nov/17,Cyprus,1029,n/a,1029
26/Nov/17,Cyprus,1029,n/a,1029
27/Nov/17,Cyprus,1029,n/a,1029
28/Nov/17,Cyprus,1029,n/a,1029
29/Nov/17,Cyprus,1029,n/a,1029
30/Nov/17,Cyprus,1029,n/a,1029
01/Dec/17,Cyprus,1029,n/a,1029
02/Dec/17,Cyprus,1029,n/a,1029
03/Dec/17,Cyprus,1029,n/a,1029
04/Dec/17,Cyprus,1029,n/a,1029
05/Dec/17,Cyprus,1067,n/a,1067
06/Dec/17,Cyprus,1067,n/a,1067
07/Dec/17,Cyprus,1067,n/a,1067
08/Dec/17,Cyprus,1067,n/a,1067
09/Dec/17,Cyprus,1067,n/a,1067
10/Dec/17,Cyprus,1067,n/a,1067
11/Dec/17,Cyprus,1067,n/a,1067
12/Dec/17,Cyprus,1067,n/a,1067
13/Dec/17,Cyprus,1067,n/a,1067
14/Dec/17,Cyprus,1067,n/a,1067
15/Dec/17,Cyprus,1067,n/a,1067
16/Dec/17,Cyprus,1067,n/a,1067
17/Dec/17,Cyprus,1067,n/a,1067
18/Dec/17,Cyprus,1067,n/a,1067
19/Dec/17,Cyprus,1067,n/a,1067
20/Dec/17,Cyprus,1067,n/a,1067
21/Dec/17,Cyprus,1067,n/a,1067
22/Dec/17,Cyprus,1067,n/a,1067
23/Dec/17,Cyprus,1067,n/a,1067
24/Dec/17,Cyprus,1067,n/a,1067
25/Dec/17,Cyprus,1067,n/a,1067
26/Dec/17,Cyprus,1067,n/a,1067
27/Dec/17,Cyprus,1078,n/a,1078
28/Dec/17,Cyprus,1078,n/a,1078
29/Dec/17,Cyprus,1078,n/a,1078
30/Dec/17,Cyprus,1078,n/a,1078
31/Dec/17,Cyprus,1078,n/a,1078
01/Jan/17,fYR of Macedonia,0,0,n/a
02/Jan/17,fYR of Macedonia,0,0,n/a
03/Jan/17,fYR of Macedonia,0,0,n/a
04/Jan/17,fYR of Macedonia,0,0,n/a
05/Jan/17,fYR of Macedonia,0,0,n/a
06/Jan/17,fYR of Macedonia,0,0,n/a
07/Jan/17,fYR of Macedonia,0,0,n/a
08/Jan/17,fYR of Macedonia,0,0,n/a
09/Jan/17,fYR of Macedonia,0,0,n/a
10/Jan/17,fYR of Macedonia,0,0,n/a
11/Jan/17,fYR of Macedonia,0,0,n/a
12/Jan/17,fYR of Macedonia,0,0,n/a
13/Jan/17,fYR of Macedonia,0,0,n/a
14/Jan/17,fYR of Macedonia,0,0,n/a
15/Jan/17,fYR of Macedonia,0,0,n/a
16/Jan/17,fYR of Macedonia,0,0,n/a
17/Jan/17,fYR of Macedonia,0,0,n/a
18/Jan/17,fYR of Macedonia,0,0,n/a
19/Jan/17,fYR of Macedonia,0,0,n/a
20/Jan/17,fYR of Macedonia,2,2,n/a
21/Jan/17,fYR of Macedonia,2,2,n/a
22/Jan/17,fYR of Macedonia,2,2,n/a
23/Jan/17,fYR of Macedonia,2,2,n/a
24/Jan/17,fYR of Macedonia,2,2,n/a
25/Jan/17,fYR of Macedonia,2,2,n/a
26/Jan/17,fYR of Macedonia,2,2,n/a
27/Jan/17,fYR of Macedonia,2,2,n/a
28/Jan/17,fYR of Macedonia,2,2,n/a
29/Jan/17,fYR of Macedonia,2,2,n/a
30/Jan/17,fYR of Macedonia,2,2,n/a
31/Jan/17,fYR of Macedonia,2,2,n/a
01/Feb/17,fYR of Macedonia,2,2,n/a
02/Feb/17,fYR of Macedonia,2,2,n/a
03/Feb/17,fYR of Macedonia,2,2,n/a
04/Feb/17,fYR of Macedonia,2,2,n/a
05/Feb/17,fYR of Macedonia,2,2,n/a
06/Feb/17,fYR of Macedonia,2,2,n/a
07/Feb/17,fYR of Macedonia,2,2,n/a
08/Feb/17,fYR of Macedonia,2,2,n/a
09/Feb/17,fYR of Macedonia,51,51,n/a
10/Feb/17,fYR of Macedonia,51,51,n/a
11/Feb/17,fYR of Macedonia,51,51,n/a
12/Feb/17,fYR of Macedonia,56,56,n/a
13/Feb/17,fYR of Macedonia,56,56,n/a
14/Feb/17,fYR of Macedonia,56,56,n/a
15/Feb/17,fYR of Macedonia,56,56,n/a
16/Feb/17,fYR of Macedonia,56,56,n/a
17/Feb/17,fYR of Macedonia,56,56,n/a
18/Feb/17,fYR of Macedonia,56,56,n/a
19/Feb/17,fYR of Macedonia,56,56,n/a
20/Feb/17,fYR of Macedonia,56,56,n/a
21/Feb/17,fYR of Macedonia,56,56,n/a
22/Feb/17,fYR of Macedonia,56,56,n/a
23/Feb/17,fYR of Macedonia,56,56,n/a
24/Feb/17,fYR of Macedonia,56,56,n/a
25/Feb/17,fYR of Macedonia,56,56,n/a
26/Feb/17,fYR of Macedonia,56,56,n/a
27/Feb/17,fYR of Macedonia,56,56,n/a
28/Feb/17,fYR of Macedonia,58,58,n/a
01/Mar/17,fYR of Macedonia,58,58,n/a
02/Mar/17,fYR of Macedonia,58,58,n/a
03/Mar/17,fYR of Macedonia,58,58,n/a
04/Mar/17,fYR of Macedonia,58,58,n/a
05/Mar/17,fYR of Macedonia,58,58,n/a
06/Mar/17,fYR of Macedonia,58,58,n/a
07/Mar/17,fYR of Macedonia,58,58,n/a
08/Mar/17,fYR of Macedonia,58,58,n/a
09/Mar/17,fYR of Macedonia,58,58,n/a
10/Mar/17,fYR of Macedonia,58,58,n/a
11/Mar/17,fYR of Macedonia,58,58,n/a
12/Mar/17,fYR of Macedonia,58,58,n/a
13/Mar/17,fYR of Macedonia,58,58,n/a
14/Mar/17,fYR of Macedonia,58,58,n/a
15/Mar/17,fYR of Macedonia,58,58,n/a
16/Mar/17,fYR of Macedonia,58,58,n/a
17/Mar/17,fYR of Macedonia,58,58,n/a
18/Mar/17,fYR of Macedonia,66,66,n/a
19/Mar/17,fYR of Macedonia,72,72,n/a
20/Mar/17,fYR of Macedonia,72,72,n/a
21/Mar/17,fYR of Macedonia,72,72,n/a
22/Mar/17,fYR of Macedonia,72,72,n/a
23/Mar/17,fYR of Macedonia,72,72,n/a
24/Mar/17,fYR of Macedonia,72,72,n/a
25/Mar/17,fYR of Macedonia,72,72,n/a
26/Mar/17,fYR of Macedonia,72,72,n/a
27/Mar/17,fYR of Macedonia,72,72,n/a
28/Mar/17,fYR of Macedonia,72,72,n/a
29/Mar/17,fYR of Macedonia,72,72,n/a
30/Mar/17,fYR of Macedonia,72,72,n/a
31/Mar/17,fYR of Macedonia,72,72,n/a
01/Apr/17,fYR of Macedonia,72,72,n/a
02/Apr/17,fYR of Macedonia,72,72,n/a
03/Apr/17,fYR of Macedonia,72,72,n/a
04/Apr/17,fYR of Macedonia,72,72,n/a
05/Apr/17,fYR of Macedonia,72,72,n/a
06/Apr/17,fYR of Macedonia,72,72,n/a
07/Apr/17,fYR of Macedonia,72,72,n/a
08/Apr/17,fYR of Macedonia,72,72,n/a
09/Apr/17,fYR of Macedonia,72,72,n/a
10/Apr/17,fYR of Macedonia,72,72,n/a
11/Apr/17,fYR of Macedonia,72,72,n/a
12/Apr/17,fYR of Macedonia,72,72,n/a
13/Apr/17,fYR of Macedonia,77,77,n/a
14/Apr/17,fYR of Macedonia,77,77,n/a
15/Apr/17,fYR of Macedonia,77,77,n/a
16/Apr/17,fYR of Macedonia,77,77,n/a
17/Apr/17,fYR of Macedonia,77,77,n/a
18/Apr/17,fYR of Macedonia,77,77,n/a
19/Apr/17,fYR of Macedonia,77,77,n/a
20/Apr/17,fYR of Macedonia,77,77,n/a
21/Apr/17,fYR of Macedonia,77,77,n/a
22/Apr/17,fYR of Macedonia,77,77,n/a
23/Apr/17,fYR of Macedonia,77,77,n/a
24/Apr/17,fYR of Macedonia,77,77,n/a
25/Apr/17,fYR of Macedonia,77,77,n/a
26/Apr/17,fYR of Macedonia,77,77,n/a
27/Apr/17,fYR of Macedonia,77,77,n/a
28/Apr/17,fYR of Macedonia,77,77,n/a
29/Apr/17,fYR of Macedonia,77,77,n/a
30/Apr/17,fYR of Macedonia,77,77,n/a
01/May/17,fYR of Macedonia,77,77,n/a
02/May/17,fYR of Macedonia,77,77,n/a
03/May/17,fYR of Macedonia,77,77,n/a
04/May/17,fYR of Macedonia,77,77,n/a
05/May/17,fYR of Macedonia,77,77,n/a
06/May/17,fYR of Macedonia,77,77,n/a
07/May/17,fYR of Macedonia,77,77,n/a
08/May/17,fYR of Macedonia,77,77,n/a
09/May/17,fYR of Macedonia,77,77,n/a
10/May/17,fYR of Macedonia,77,77,n/a
11/May/17,fYR of Macedonia,77,77,n/a
12/May/17,fYR of Macedonia,77,77,n/a
13/May/17,fYR of Macedonia,77,77,n/a
14/May/17,fYR of Macedonia,77,77,n/a
15/May/17,fYR of Macedonia,77,77,n/a
16/May/17,fYR of Macedonia,77,77,n/a
17/May/17,fYR of Macedonia,77,77,n/a
18/May/17,fYR of Macedonia,77,77,n/a
19/May/17,fYR of Macedonia,77,77,n/a
20/May/17,fYR of Macedonia,77,77,n/a
21/May/17,fYR of Macedonia,77,77,n/a
22/May/17,fYR of Macedonia,77,77,n/a
23/May/17,fYR of Macedonia,77,77,n/a
24/May/17,fYR of Macedonia,77,77,n/a
25/May/17,fYR of Macedonia,77,77,n/a
26/May/17,fYR of Macedonia,77,77,n/a
27/May/17,fYR of Macedonia,77,77,n/a
28/May/17,fYR of Macedonia,77,77,n/a
29/May/17,fYR of Macedonia,77,77,n/a
30/May/17,fYR of Macedonia,77,77,n/a
31/May/17,fYR of Macedonia,77,77,n/a
01/Jun/17,fYR of Macedonia,77,77,n/a
02/Jun/17,fYR of Macedonia,81,81,n/a
03/Jun/17,fYR of Macedonia,81,81,n/a
04/Jun/17,fYR of Macedonia,81,81,n/a
05/Jun/17,fYR of Macedonia,81,81,n/a
06/Jun/17,fYR of Macedonia,86,86,n/a
07/Jun/17,fYR of Macedonia,86,86,n/a
08/Jun/17,fYR of Macedonia,86,86,n/a
09/Jun/17,fYR of Macedonia,86,86,n/a
10/Jun/17,fYR of Macedonia,86,86,n/a
11/Jun/17,fYR of Macedonia,86,86,n/a
12/Jun/17,fYR of Macedonia,86,86,n/a
13/Jun/17,fYR of Macedonia,86,86,n/a
14/Jun/17,fYR of Macedonia,86,86,n/a
15/Jun/17,fYR of Macedonia,86,86,n/a
16/Jun/17,fYR of Macedonia,86,86,n/a
17/Jun/17,fYR of Macedonia,97,97,n/a
18/Jun/17,fYR of Macedonia,97,97,n/a
19/Jun/17,fYR of Macedonia,97,97,n/a
20/Jun/17,fYR of Macedonia,100,100,n/a
21/Jun/17,fYR of Macedonia,100,100,n/a
22/Jun/17,fYR of Macedonia,103,103,n/a
23/Jun/17,fYR of Macedonia,112,112,n/a
24/Jun/17,fYR of Macedonia,112,112,n/a
25/Jun/17,fYR of Macedonia,112,112,n/a
26/Jun/17,fYR of Macedonia,112,112,n/a
27/Jun/17,fYR of Macedonia,118,118,n/a
28/Jun/17,fYR of Macedonia,118,118,n/a
29/Jun/17,fYR of Macedonia,122,122,n/a
30/Jun/17,fYR of Macedonia,122,122,n/a
01/Jul/17,fYR of Macedonia,122,122,n/a
02/Jul/17,fYR of Macedonia,122,122,n/a
03/Jul/17,fYR of Macedonia,128,128,n/a
04/Jul/17,fYR of Macedonia,128,128,n/a
05/Jul/17,fYR of Macedonia,128,128,n/a
06/Jul/17,fYR of Macedonia,137,137,n/a
07/Jul/17,fYR of Macedonia,140,140,n/a
08/Jul/17,fYR of Macedonia,142,142,n/a
09/Jul/17,fYR of Macedonia,142,142,n/a
10/Jul/17,fYR of Macedonia,142,142,n/a
11/Jul/17,fYR of Macedonia,155,155,n/a
12/Jul/17,fYR of Macedonia,159,159,n/a
13/Jul/17,fYR of Macedonia,159,159,n/a
14/Jul/17,fYR of Macedonia,161,161,n/a
15/Jul/17,fYR of Macedonia,162,162,n/a
16/Jul/17,fYR of Macedonia,163,163,n/a
17/Jul/17,fYR of Macedonia,163,163,n/a
18/Jul/17,fYR of Macedonia,163,163,n/a
19/Jul/17,fYR of Macedonia,170,170,n/a
20/Jul/17,fYR of Macedonia,177,177,n/a
21/Jul/17,fYR of Macedonia,177,177,n/a
22/Jul/17,fYR of Macedonia,181,181,n/a
23/Jul/17,fYR of Macedonia,181,181,n/a
24/Jul/17,fYR of Macedonia,199,199,n/a
25/Jul/17,fYR of Macedonia,199,199,n/a
26/Jul/17,fYR of Macedonia,212,212,n/a
27/Jul/17,fYR of Macedonia,218,218,n/a
28/Jul/17,fYR of Macedonia,218,218,n/a
29/Jul/17,fYR of Macedonia,224,224,n/a
30/Jul/17,fYR of Macedonia,225,225,n/a
31/Jul/17,fYR of Macedonia,229,229,n/a
01/Aug/17,fYR of Macedonia,232,232,n/a
02/Aug/17,fYR of Macedonia,232,232,n/a
03/Aug/17,fYR of Macedonia,232,232,n/a
04/Aug/17,fYR of Macedonia,245,245,n/a
05/Aug/17,fYR of Macedonia,248,248,n/a
06/Aug/17,fYR of Macedonia,248,248,n/a
07/Aug/17,fYR of Macedonia,248,248,n/a
08/Aug/17,fYR of Macedonia,253,253,n/a
09/Aug/17,fYR of Macedonia,256,256,n/a
10/Aug/17,fYR of Macedonia,274,274,n/a
11/Aug/17,fYR of Macedonia,274,274,n/a
12/Aug/17,fYR of Macedonia,274,274,n/a
13/Aug/17,fYR of Macedonia,274,274,n/a
14/Aug/17,fYR of Macedonia,274,274,n/a
15/Aug/17,fYR of Macedonia,276,276,n/a
16/Aug/17,fYR of Macedonia,278,278,n/a
17/Aug/17,fYR of Macedonia,278,278,n/a
18/Aug/17,fYR of Macedonia,278,278,n/a
19/Aug/17,fYR of Macedonia,282,282,n/a
20/Aug/17,fYR of Macedonia,282,282,n/a
21/Aug/17,fYR of Macedonia,287,287,n/a
22/Aug/17,fYR of Macedonia,288,288,n/a
23/Aug/17,fYR of Macedonia,288,288,n/a
24/Aug/17,fYR of Macedonia,289,289,n/a
25/Aug/17,fYR of Macedonia,305,305,n/a
26/Aug/17,fYR of Macedonia,310,310,n/a
27/Aug/17,fYR of Macedonia,310,310,n/a
28/Aug/17,fYR of Macedonia,310,310,n/a
29/Aug/17,fYR of Macedonia,310,310,n/a
30/Aug/17,fYR of Macedonia,319,319,n/a
31/Aug/17,fYR of Macedonia,319,319,n/a
01/Sep/17,fYR of Macedonia,322,322,n/a
02/Sep/17,fYR of Macedonia,322,322,n/a
03/Sep/17,fYR of Macedonia,325,325,n/a
04/Sep/17,fYR of Macedonia,331,331,n/a
05/Sep/17,fYR of Macedonia,333,333,n/a
06/Sep/17,fYR of Macedonia,333,333,n/a
07/Sep/17,fYR of Macedonia,338,338,n/a
08/Sep/17,fYR of Macedonia,338,338,n/a
09/Sep/17,fYR of Macedonia,340,340,n/a
10/Sep/17,fYR of Macedonia,344,344,n/a
11/Sep/17,fYR of Macedonia,344,344,n/a
12/Sep/17,fYR of Macedonia,344,344,n/a
13/Sep/17,fYR of Macedonia,344,344,n/a
14/Sep/17,fYR of Macedonia,345,345,n/a
15/Sep/17,fYR of Macedonia,346,346,n/a
16/Sep/17,fYR of Macedonia,348,348,n/a
17/Sep/17,fYR of Macedonia,349,349,n/a
18/Sep/17,fYR of Macedonia,349,349,n/a
19/Sep/17,fYR of Macedonia,353,353,n/a
20/Sep/17,fYR of Macedonia,353,353,n/a
21/Sep/17,fYR of Macedonia,353,353,n/a
22/Sep/17,fYR of Macedonia,357,357,n/a
23/Sep/17,fYR of Macedonia,357,357,n/a
24/Sep/17,fYR of Macedonia,357,357,n/a
25/Sep/17,fYR of Macedonia,357,357,n/a
26/Sep/17,fYR of Macedonia,358,358,n/a
27/Sep/17,fYR of Macedonia,359,359,n/a
28/Sep/17,fYR of Macedonia,379,379,n/a
29/Sep/17,fYR of Macedonia,383,383,n/a
30/Sep/17,fYR of Macedonia,383,383,n/a
01/Oct/17,fYR of Macedonia,383,383,n/a
02/Oct/17,fYR of Macedonia,383,383,n/a
03/Oct/17,fYR of Macedonia,383,383,n/a
04/Oct/17,fYR of Macedonia,389,389,n/a
05/Oct/17,fYR of Macedonia,390,390,n/a
06/Oct/17,fYR of Macedonia,390,390,n/a
07/Oct/17,fYR of Macedonia,390,390,n/a
08/Oct/17,fYR of Macedonia,391,391,n/a
09/Oct/17,fYR of Macedonia,391,391,n/a
10/Oct/17,fYR of Macedonia,391,391,n/a
11/Oct/17,fYR of Macedonia,391,391,n/a
12/Oct/17,fYR of Macedonia,391,391,n/a
13/Oct/17,fYR of Macedonia,391,391,n/a
14/Oct/17,fYR of Macedonia,391,391,n/a
15/Oct/17,fYR of Macedonia,391,391,n/a
16/Oct/17,fYR of Macedonia,391,391,n/a
17/Oct/17,fYR of Macedonia,391,391,n/a
18/Oct/17,fYR of Macedonia,397,397,n/a
19/Oct/17,fYR of Macedonia,399,399,n/a
20/Oct/17,fYR of Macedonia,399,399,n/a
21/Oct/17,fYR of Macedonia,399,399,n/a
22/Oct/17,fYR of Macedonia,399,399,n/a
23/Oct/17,fYR of Macedonia,399,399,n/a
24/Oct/17,fYR of Macedonia,399,399,n/a
25/Oct/17,fYR of Macedonia,412,412,n/a
26/Oct/17,fYR of Macedonia,412,412,n/a
27/Oct/17,fYR of Macedonia,412,412,n/a
28/Oct/17,fYR of Macedonia,412,412,n/a
29/Oct/17,fYR of Macedonia,412,412,n/a
30/Oct/17,fYR of Macedonia,412,412,n/a
31/Oct/17,fYR of Macedonia,412,412,n/a
01/Nov/17,fYR of Macedonia,412,412,n/a
02/Nov/17,fYR of Macedonia,421,421,n/a
03/Nov/17,fYR of Macedonia,421,421,n/a
04/Nov/17,fYR of Macedonia,421,421,n/a
05/Nov/17,fYR of Macedonia,426,426,n/a
06/Nov/17,fYR of Macedonia,429,429,n/a
07/Nov/17,fYR of Macedonia,429,429,n/a
08/Nov/17,fYR of Macedonia,429,429,n/a
09/Nov/17,fYR of Macedonia,429,429,n/a
10/Nov/17,fYR of Macedonia,435,435,n/a
11/Nov/17,fYR of Macedonia,436,436,n/a
12/Nov/17,fYR of Macedonia,436,436,n/a
13/Nov/17,fYR of Macedonia,436,436,n/a
14/Nov/17,fYR of Macedonia,436,436,n/a
15/Nov/17,fYR of Macedonia,436,436,n/a
16/Nov/17,fYR of Macedonia,438,438,n/a
17/Nov/17,fYR of Macedonia,438,438,n/a
18/Nov/17,fYR of Macedonia,438,438,n/a
19/Nov/17,fYR of Macedonia,438,438,n/a
20/Nov/17,fYR of Macedonia,438,438,n/a
21/Nov/17,fYR of Macedonia,438,438,n/a
22/Nov/17,fYR of Macedonia,438,438,n/a
23/Nov/17,fYR of Macedonia,444,444,n/a
24/Nov/17,fYR of Macedonia,453,453,n/a
25/Nov/17,fYR of Macedonia,457,457,n/a
26/Nov/17,fYR of Macedonia,457,457,n/a
27/Nov/17,fYR of Macedonia,458,458,n/a
28/Nov/17,fYR of Macedonia,459,459,n/a
29/Nov/17,fYR of Macedonia,462,462,n/a
30/Nov/17,fYR of Macedonia,462,462,n/a
01/Dec/17,fYR of Macedonia,476,476,n/a
02/Dec/17,fYR of Macedonia,476,476,n/a
03/Dec/17,fYR of Macedonia,476,476,n/a
04/Dec/17,fYR of Macedonia,483,483,n/a
05/Dec/17,fYR of Macedonia,483,483,n/a
06/Dec/17,fYR of Macedonia,483,483,n/a
07/Dec/17,fYR of Macedonia,484,484,n/a
08/Dec/17,fYR of Macedonia,488,488,n/a
09/Dec/17,fYR of Macedonia,488,488,n/a
10/Dec/17,fYR of Macedonia,500,500,n/a
11/Dec/17,fYR of Macedonia,500,500,n/a
12/Dec/17,fYR of Macedonia,507,507,n/a
13/Dec/17,fYR of Macedonia,507,507,n/a
14/Dec/17,fYR of Macedonia,507,507,n/a
15/Dec/17,fYR of Macedonia,507,507,n/a
16/Dec/17,fYR of Macedonia,510,510,n/a
17/Dec/17,fYR of Macedonia,511,511,n/a
18/Dec/17,fYR of Macedonia,512,512,n/a
19/Dec/17,fYR of Macedonia,516,516,n/a
20/Dec/17,fYR of Macedonia,517,517,n/a
21/Dec/17,fYR of Macedonia,523,523,n/a
22/Dec/17,fYR of Macedonia,523,523,n/a
23/Dec/17,fYR of Macedonia,526,526,n/a
24/Dec/17,fYR of Macedonia,533,533,n/a
25/Dec/17,fYR of Macedonia,533,533,n/a
26/Dec/17,fYR of Macedonia,533,533,n/a
27/Dec/17,fYR of Macedonia,533,533,n/a
28/Dec/17,fYR of Macedonia,536,536,n/a
29/Dec/17,fYR of Macedonia,539,539,n/a
30/Dec/17,fYR of Macedonia,540,540,n/a
31/Dec/17,fYR of Macedonia,547,547,n/a
01/Jan/17,Greece,134,0,134
02/Jan/17,Greece,147,0,147
03/Jan/17,Greece,240,0,240
04/Jan/17,Greece,371,0,371
05/Jan/17,Greece,385,0,385
06/Jan/17,Greece,386,0,386
07/Jan/17,Greece,386,0,386
08/Jan/17,Greece,386,0,386
09/Jan/17,Greece,429,0,429
10/Jan/17,Greece,429,0,429
11/Jan/17,Greece,430,0,430
12/Jan/17,Greece,442,0,442
13/Jan/17,Greece,545,0,545
14/Jan/17,Greece,545,0,545
15/Jan/17,Greece,691,0,691
16/Jan/17,Greece,743,0,743
17/Jan/17,Greece,743,0,743
18/Jan/17,Greece,763,0,763
19/Jan/17,Greece,835,0,835
20/Jan/17,Greece,884,0,884
21/Jan/17,Greece,920,0,920
22/Jan/17,Greece,942,0,942
23/Jan/17,Greece,1036,0,1036
24/Jan/17,Greece,1041,0,1041
25/Jan/17,Greece,1041,0,1041
26/Jan/17,Greece,1099,0,1099
27/Jan/17,Greece,1099,0,1099
28/Jan/17,Greece,1099,0,1099
29/Jan/17,Greece,1191,0,1191
30/Jan/17,Greece,1311,0,1311
31/Jan/17,Greece,1520,130,1390
01/Feb/17,Greece,1585,130,1455
02/Feb/17,Greece,1642,130,1512
03/Feb/17,Greece,1784,130,1654
04/Feb/17,Greece,1784,130,1654
05/Feb/17,Greece,1784,130,1654
06/Feb/17,Greece,1838,130,1708
07/Feb/17,Greece,1895,130,1765
08/Feb/17,Greece,1947,130,1817
09/Feb/17,Greece,1947,130,1817
10/Feb/17,Greece,1963,130,1833
11/Feb/17,Greece,1991,130,1861
12/Feb/17,Greece,1991,130,1861
13/Feb/17,Greece,1991,130,1861
14/Feb/17,Greece,2006,130,1876
15/Feb/17,Greece,2063,130,1933
16/Feb/17,Greece,2101,130,1971
17/Feb/17,Greece,2137,130,2007
18/Feb/17,Greece,2137,130,2007
19/Feb/17,Greece,2180,130,2050
20/Feb/17,Greece,2188,130,2058
21/Feb/17,Greece,2188,130,2058
22/Feb/17,Greece,2353,130,2223
23/Feb/17,Greece,2388,130,2258
24/Feb/17,Greece,2448,130,2318
25/Feb/17,Greece,2448,130,2318
26/Feb/17,Greece,2448,130,2318
27/Feb/17,Greece,2472,130,2342
28/Feb/17,Greece,2705,291,2414
01/Mar/17,Greece,2705,291,2414
02/Mar/17,Greece,2767,291,2476
03/Mar/17,Greece,2767,291,2476
04/Mar/17,Greece,2787,291,2496
05/Mar/17,Greece,2848,291,2557
06/Mar/17,Greece,2916,291,2625
07/Mar/17,Greece,2948,291,2657
08/Mar/17,Greece,2948,291,2657
09/Mar/17,Greece,2948,291,2657
10/Mar/17,Greece,2950,291,2659
11/Mar/17,Greece,3034,291,2743
12/Mar/17,Greece,3034,291,2743
13/Mar/17,Greece,3053,291,2762
14/Mar/17,Greece,3094,291,2803
15/Mar/17,Greece,3094,291,2803
16/Mar/17,Greece,3168,291,2877
17/Mar/17,Greece,3267,291,2976
18/Mar/17,Greece,3379,291,3088
19/Mar/17,Greece,3460,291,3169
20/Mar/17,Greece,3550,291,3259
21/Mar/17,Greece,3602,291,3311
22/Mar/17,Greece,3720,291,3429
23/Mar/17,Greece,3761,291,3470
24/Mar/17,Greece,3761,291,3470
25/Mar/17,Greece,3799,291,3508
26/Mar/17,Greece,3874,291,3583
27/Mar/17,Greece,3877,291,3586
28/Mar/17,Greece,3901,291,3610
29/Mar/17,Greece,4016,291,3725
30/Mar/17,Greece,4085,291,3794
31/Mar/17,Greece,4407,439,3968
01/Apr/17,Greece,4433,439,3994
02/Apr/17,Greece,4456,439,4017
03/Apr/17,Greece,4503,439,4064
04/Apr/17,Greece,4627,439,4188
05/Apr/17,Greece,4627,439,4188
06/Apr/17,Greece,4652,439,4213
07/Apr/17,Greece,4668,439,4229
08/Apr/17,Greece,4706,439,4267
09/Apr/17,Greece,4707,439,4268
10/Apr/17,Greece,4725,439,4286
11/Apr/17,Greece,4725,439,4286
12/Apr/17,Greece,4930,439,4491
13/Apr/17,Greece,4956,439,4517
14/Apr/17,Greece,4965,439,4526
15/Apr/17,Greece,5015,439,4576
16/Apr/17,Greece,5077,439,4638
17/Apr/17,Greece,5178,439,4739
18/Apr/17,Greece,5179,439,4740
19/Apr/17,Greece,5200,439,4761
20/Apr/17,Greece,5226,439,4787
21/Apr/17,Greece,5280,439,4841
22/Apr/17,Greece,5282,439,4843
23/Apr/17,Greece,5282,439,4843
24/Apr/17,Greece,5284,439,4845
25/Apr/17,Greece,5322,439,4883
26/Apr/17,Greece,5403,439,4964
27/Apr/17,Greece,5418,439,4979
28/Apr/17,Greece,5477,439,5038
29/Apr/17,Greece,5496,439,5057
30/Apr/17,Greece,5771,633,5138
01/May/17,Greece,5887,633,5254
02/May/17,Greece,5887,633,5254
03/May/17,Greece,5978,633,5345
04/May/17,Greece,5984,633,5351
05/May/17,Greece,6082,633,5449
06/May/17,Greece,6173,633,5540
07/May/17,Greece,6217,633,5584
08/May/17,Greece,6217,633,5584
09/May/17,Greece,6217,633,5584
10/May/17,Greece,6263,633,5630
11/May/17,Greece,6372,633,5739
12/May/17,Greece,6525,633,5892
13/May/17,Greece,6525,633,5892
14/May/17,Greece,6728,633,6095
15/May/17,Greece,6877,633,6244
16/May/17,Greece,6877,633,6244
17/May/17,Greece,6895,633,6262
18/May/17,Greece,6978,633,6345
19/May/17,Greece,6978,633,6345
20/May/17,Greece,6978,633,6345
21/May/17,Greece,7028,633,6395
22/May/17,Greece,7192,633,6559
23/May/17,Greece,7241,633,6608
24/May/17,Greece,7300,633,6667
25/May/17,Greece,7348,633,6715
26/May/17,Greece,7492,633,6859
27/May/17,Greece,7610,633,6977
28/May/17,Greece,7676,633,7043
29/May/17,Greece,7717,633,7084
30/May/17,Greece,7809,633,7176
31/May/17,Greece,8017,804,7213
01/Jun/17,Greece,8072,804,7268
02/Jun/17,Greece,8179,804,7375
03/Jun/17,Greece,8201,804,7397
04/Jun/17,Greece,8218,804,7414
05/Jun/17,Greece,8233,804,7429
06/Jun/17,Greece,8233,804,7429
07/Jun/17,Greece,8290,804,7486
08/Jun/17,Greece,8350,804,7546
09/Jun/17,Greece,8393,804,7589
10/Jun/17,Greece,8464,804,7660
11/Jun/17,Greece,8474,804,7670
12/Jun/17,Greece,8474,804,7670
13/Jun/17,Greece,8620,804,7816
14/Jun/17,Greece,8771,804,7967
15/Jun/17,Greece,8916,804,8112
16/Jun/17,Greece,8968,804,8164
17/Jun/17,Greece,9029,804,8225
18/Jun/17,Greece,9127,804,8323
19/Jun/17,Greece,9166,804,8362
20/Jun/17,Greece,9166,804,8362
21/Jun/17,Greece,9167,804,8363
22/Jun/17,Greece,9269,804,8465
23/Jun/17,Greece,9334,804,8530
24/Jun/17,Greece,9518,804,8714
25/Jun/17,Greece,9650,804,8846
26/Jun/17,Greece,9650,804,8846
27/Jun/17,Greece,9684,804,8880
28/Jun/17,Greece,9750,804,8946
29/Jun/17,Greece,9912,804,9108
30/Jun/17,Greece,10679,1557,9122
01/Jul/17,Greece,10725,1557,9168
02/Jul/17,Greece,10812,1557,9255
03/Jul/17,Greece,10833,1557,9276
04/Jul/17,Greece,10901,1557,9344
05/Jul/17,Greece,10901,1557,9344
06/Jul/17,Greece,10901,1557,9344
07/Jul/17,Greece,10901,1557,9344
08/Jul/17,Greece,10917,1557,9360
09/Jul/17,Greece,10917,1557,9360
10/Jul/17,Greece,11089,1557,9532
11/Jul/17,Greece,11228,1557,9671
12/Jul/17,Greece,11280,1557,9723
13/Jul/17,Greece,11360,1557,9803
14/Jul/17,Greece,11498,1557,9941
15/Jul/17,Greece,11537,1557,9980
16/Jul/17,Greece,11601,1557,10044
17/Jul/17,Greece,11852,1557,10295
18/Jul/17,Greece,11955,1557,10398
19/Jul/17,Greece,11955,1557,10398
20/Jul/17,Greece,11956,1557,10399
21/Jul/17,Greece,11980,1557,10423
22/Jul/17,Greece,11980,1557,10423
23/Jul/17,Greece,12076,1557,10519
24/Jul/17,Greece,12134,1557,10577
25/Jul/17,Greece,12246,1557,10689
26/Jul/17,Greece,12340,1557,10783
27/Jul/17,Greece,12681,1557,11124
28/Jul/17,Greece,12753,1557,11196
29/Jul/17,Greece,12753,1557,11196
30/Jul/17,Greece,12837,1557,11280
31/Jul/17,Greece,13294,1889,11405
01/Aug/17,Greece,13294,1889,11405
02/Aug/17,Greece,13318,1889,11429
03/Aug/17,Greece,13451,1889,11562
04/Aug/17,Greece,13544,1889,11655
05/Aug/17,Greece,13678,1889,11789
06/Aug/17,Greece,13678,1889,11789
07/Aug/17,Greece,13925,1889,12036
08/Aug/17,Greece,14003,1889,12114
09/Aug/17,Greece,14156,1889,12267
10/Aug/17,Greece,14199,1889,12310
11/Aug/17,Greece,14222,1889,12333
12/Aug/17,Greece,14278,1889,12389
13/Aug/17,Greece,14278,1889,12389
14/Aug/17,Greece,14612,1889,12723
15/Aug/17,Greece,14614,1889,12725
16/Aug/17,Greece,14614,1889,12725
17/Aug/17,Greece,14719,1889,12830
18/Aug/17,Greece,15027,1889,13138
19/Aug/17,Greece,15163,1889,13274
20/Aug/17,Greece,15560,1889,13671
21/Aug/17,Greece,15810,1889,13921
22/Aug/17,Greece,15906,1889,14017
23/Aug/17,Greece,16006,1889,14117
24/Aug/17,Greece,16118,1889,14229
25/Aug/17,Greece,16166,1889,14277
26/Aug/17,Greece,16238,1889,14349
27/Aug/17,Greece,16423,1889,14534
28/Aug/17,Greece,16523,1889,14634
29/Aug/17,Greece,16580,1889,14691
30/Aug/17,Greece,16682,1889,14793
31/Aug/17,Greece,17534,2464,15070
01/Sep/17,Greece,17608,2464,15144
02/Sep/17,Greece,17847,2464,15383
03/Sep/17,Greece,18020,2464,15556
04/Sep/17,Greece,18161,2464,15697
05/Sep/17,Greece,18327,2464,15863
06/Sep/17,Greece,18506,2464,16042
07/Sep/17,Greece,18667,2464,16203
08/Sep/17,Greece,18808,2464,16344
09/Sep/17,Greece,19070,2464,16606
10/Sep/17,Greece,19259,2464,16795
11/Sep/17,Greece,19552,2464,17088
12/Sep/17,Greece,19768,2464,17304
13/Sep/17,Greece,19955,2464,17491
14/Sep/17,Greece,20035,2464,17571
15/Sep/17,Greece,20219,2464,17755
16/Sep/17,Greece,20423,2464,17959
17/Sep/17,Greece,20567,2464,18103
18/Sep/17,Greece,20697,2464,18233
19/Sep/17,Greece,20844,2464,18380
20/Sep/17,Greece,20938,2464,18474
21/Sep/17,Greece,21068,2464,18604
22/Sep/17,Greece,21225,2464,18761
23/Sep/17,Greece,21246,2464,18782
24/Sep/17,Greece,21364,2464,18900
25/Sep/17,Greece,21516,2464,19052
26/Sep/17,Greece,21659,2464,19195
27/Sep/17,Greece,21733,2464,19269
28/Sep/17,Greece,21844,2464,19380
29/Sep/17,Greece,21880,2464,19416
30/Sep/17,Greece,23333,3659,19674
01/Oct/17,Greece,23414,3659,19755
02/Oct/17,Greece,23582,3659,19923
03/Oct/17,Greece,23725,3659,20066
04/Oct/17,Greece,23844,3659,20185
05/Oct/17,Greece,23995,3659,20336
06/Oct/17,Greece,24155,3659,20496
07/Oct/17,Greece,24155,3659,20496
08/Oct/17,Greece,24400,3659,20741
09/Oct/17,Greece,24595,3659,20936
10/Oct/17,Greece,24841,3659,21182
11/Oct/17,Greece,25070,3659,21411
12/Oct/17,Greece,25138,3659,21479
13/Oct/17,Greece,25466,3659,21807
14/Oct/17,Greece,25466,3659,21807
15/Oct/17,Greece,25537,3659,21878
16/Oct/17,Greece,25647,3659,21988
17/Oct/17,Greece,25764,3659,22105
18/Oct/17,Greece,26129,3659,22470
19/Oct/17,Greece,26426,3659,22767
20/Oct/17,Greece,26445,3659,22786
21/Oct/17,Greece,26520,3659,22861
22/Oct/17,Greece,26599,3659,22940
23/Oct/17,Greece,26599,3659,22940
24/Oct/17,Greece,26718,3659,23059
25/Oct/17,Greece,26858,3659,23199
26/Oct/17,Greece,27034,3659,23375
27/Oct/17,Greece,27249,3659,23590
28/Oct/17,Greece,27249,3659,23590
29/Oct/17,Greece,27279,3659,23620
30/Oct/17,Greece,27371,3659,23712
31/Oct/17,Greece,28340,4448,23892
01/Nov/17,Greece,28342,4448,23894
02/Nov/17,Greece,28662,4448,24214
03/Nov/17,Greece,28886,4448,24438
04/Nov/17,Greece,28886,4448,24438
05/Nov/17,Greece,28994,4448,24546
06/Nov/17,Greece,29090,4448,24642
07/Nov/17,Greece,29346,4448,24898
08/Nov/17,Greece,29405,4448,24957
09/Nov/17,Greece,29571,4448,25123
10/Nov/17,Greece,29750,4448,25302
11/Nov/17,Greece,29851,4448,25403
12/Nov/17,Greece,29853,4448,25405
13/Nov/17,Greece,29853,4448,25405
14/Nov/17,Greece,30062,4448,25614
15/Nov/17,Greece,30322,4448,25874
16/Nov/17,Greece,30415,4448,25967
17/Nov/17,Greece,30558,4448,26110
18/Nov/17,Greece,30615,4448,26167
19/Nov/17,Greece,30655,4448,26207
20/Nov/17,Greece,30655,4448,26207
21/Nov/17,Greece,30768,4448,26320
22/Nov/17,Greece,30875,4448,26427
23/Nov/17,Greece,31080,4448,26632
24/Nov/17,Greece,31304,4448,26856
25/Nov/17,Greece,31345,4448,26897
26/Nov/17,Greece,31363,4448,26915
27/Nov/17,Greece,31363,4448,26915
28/Nov/17,Greece,31363,4448,26915
29/Nov/17,Greece,31409,4448,26961
30/Nov/17,Greece,32207,5186,27021
01/Dec/17,Greece,32207,5186,27021
02/Dec/17,Greece,32207,5186,27021
03/Dec/17,Greece,32243,5186,27057
04/Dec/17,Greece,32477,5186,27291
05/Dec/17,Greece,32489,5186,27303
06/Dec/17,Greece,32753,5186,27567
07/Dec/17,Greece,32785,5186,27599
08/Dec/17,Greece,32838,5186,27652
09/Dec/17,Greece,32843,5186,27657
10/Dec/17,Greece,33056,5186,27870
11/Dec/17,Greece,33244,5186,28058
12/Dec/17,Greece,33419,5186,28233
13/Dec/17,Greece,33462,5186,28276
14/Dec/17,Greece,33676,5186,28490
15/Dec/17,Greece,33676,5186,28490
16/Dec/17,Greece,33676,5186,28490
17/Dec/17,Greece,33676,5186,28490
18/Dec/17,Greece,33790,5186,28604
19/Dec/17,Greece,33986,5186,28800
20/Dec/17,Greece,34038,5186,28852
21/Dec/17,Greece,34116,5186,28930
22/Dec/17,Greece,34116,5186,28930
23/Dec/17,Greece,34116,5186,28930
24/Dec/17,Greece,34293,5186,29107
25/Dec/17,Greece,34438,5186,29252
26/Dec/17,Greece,34466,5186,29280
27/Dec/17,Greece,34482,5186,29296
28/Dec/17,Greece,34482,5186,29296
29/Dec/17,Greece,34525,5186,29339
30/Dec/17,Greece,34564,5186,29378
31/Dec/17,Greece,35052,5551,29501
01/Jan/17,Hungary,23414,5,n/a
02/Jan/17,Hungary,23582,7,n/a
03/Jan/17,Hungary,23725,28,n/a
04/Jan/17,Hungary,23844,29,n/a
05/Jan/17,Hungary,23995,30,n/a
06/Jan/17,Hungary,24155,30,n/a
07/Jan/17,Hungary,24155,30,n/a
08/Jan/17,Hungary,24400,30,n/a
09/Jan/17,Hungary,24595,32,n/a
10/Jan/17,Hungary,24841,37,n/a
11/Jan/17,Hungary,25070,40,n/a
12/Jan/17,Hungary,25138,47,n/a
13/Jan/17,Hungary,25466,50,n/a
14/Jan/17,Hungary,25466,50,n/a
15/Jan/17,Hungary,25537,56,n/a
16/Jan/17,Hungary,25647,59,n/a
17/Jan/17,Hungary,25764,62,n/a
18/Jan/17,Hungary,26129,65,n/a
19/Jan/17,Hungary,26426,66,n/a
20/Jan/17,Hungary,26445,66,n/a
21/Jan/17,Hungary,26520,73,n/a
22/Jan/17,Hungary,26520,75,n/a
23/Jan/17,Hungary,26520,84,n/a
24/Jan/17,Hungary,26520,84,n/a
25/Jan/17,Hungary,26520,88,n/a
26/Jan/17,Hungary,26520,102,n/a
27/Jan/17,Hungary,26520,118,n/a
28/Jan/17,Hungary,26520,118,n/a
29/Jan/17,Hungary,26520,123,n/a
30/Jan/17,Hungary,26520,128,n/a
31/Jan/17,Hungary,26520,133,n/a
01/Feb/17,Hungary,133,133,n/a
02/Feb/17,Hungary,150,150,n/a
03/Feb/17,Hungary,174,174,n/a
04/Feb/17,Hungary,174,174,n/a
05/Feb/17,Hungary,183,183,n/a
06/Feb/17,Hungary,201,201,n/a
07/Feb/17,Hungary,202,202,n/a
08/Feb/17,Hungary,203,203,n/a
09/Feb/17,Hungary,215,215,n/a
10/Feb/17,Hungary,215,215,n/a
11/Feb/17,Hungary,215,215,n/a
12/Feb/17,Hungary,215,215,n/a
13/Feb/17,Hungary,233,233,n/a
14/Feb/17,Hungary,235,235,n/a
15/Feb/17,Hungary,235,235,n/a
16/Feb/17,Hungary,246,246,n/a
17/Feb/17,Hungary,253,253,n/a
18/Feb/17,Hungary,255,255,n/a
19/Feb/17,Hungary,276,276,n/a
20/Feb/17,Hungary,276,276,n/a
21/Feb/17,Hungary,276,276,n/a
22/Feb/17,Hungary,276,276,n/a
23/Feb/17,Hungary,276,276,n/a
24/Feb/17,Hungary,277,277,n/a
25/Feb/17,Hungary,277,277,n/a
26/Feb/17,Hungary,299,299,n/a
27/Feb/17,Hungary,299,299,n/a
28/Feb/17,Hungary,299,299,n/a
01/Mar/17,Hungary,300,300,n/a
02/Mar/17,Hungary,301,301,n/a
03/Mar/17,Hungary,307,307,n/a
04/Mar/17,Hungary,311,311,n/a
05/Mar/17,Hungary,311,311,n/a
06/Mar/17,Hungary,313,313,n/a
07/Mar/17,Hungary,323,323,n/a
08/Mar/17,Hungary,323,323,n/a
09/Mar/17,Hungary,325,325,n/a
10/Mar/17,Hungary,325,325,n/a
11/Mar/17,Hungary,325,325,n/a
12/Mar/17,Hungary,325,325,n/a
13/Mar/17,Hungary,325,325,n/a
14/Mar/17,Hungary,325,325,n/a
15/Mar/17,Hungary,325,325,n/a
16/Mar/17,Hungary,329,329,n/a
17/Mar/17,Hungary,329,329,n/a
18/Mar/17,Hungary,329,329,n/a
19/Mar/17,Hungary,329,329,n/a
20/Mar/17,Hungary,329,329,n/a
21/Mar/17,Hungary,330,330,n/a
22/Mar/17,Hungary,330,330,n/a
23/Mar/17,Hungary,330,330,n/a
24/Mar/17,Hungary,336,336,n/a
25/Mar/17,Hungary,336,336,n/a
26/Mar/17,Hungary,336,336,n/a
27/Mar/17,Hungary,336,336,n/a
28/Mar/17,Hungary,336,336,n/a
29/Mar/17,Hungary,336,336,n/a
30/Mar/17,Hungary,336,336,n/a
31/Mar/17,Hungary,336,336,n/a
01/Apr/17,Hungary,336,336,n/a
02/Apr/17,Hungary,336,336,n/a
03/Apr/17,Hungary,344,344,n/a
04/Apr/17,Hungary,344,344,n/a
05/Apr/17,Hungary,344,344,n/a
06/Apr/17,Hungary,344,344,n/a
07/Apr/17,Hungary,344,344,n/a
08/Apr/17,Hungary,345,345,n/a
09/Apr/17,Hungary,345,345,n/a
10/Apr/17,Hungary,351,351,n/a
11/Apr/17,Hungary,351,351,n/a
12/Apr/17,Hungary,353,353,n/a
13/Apr/17,Hungary,353,353,n/a
14/Apr/17,Hungary,353,353,n/a
15/Apr/17,Hungary,353,353,n/a
16/Apr/17,Hungary,356,356,n/a
17/Apr/17,Hungary,356,356,n/a
18/Apr/17,Hungary,359,359,n/a
19/Apr/17,Hungary,359,359,n/a
20/Apr/17,Hungary,359,359,n/a
21/Apr/17,Hungary,359,359,n/a
22/Apr/17,Hungary,359,359,n/a
23/Apr/17,Hungary,361,361,n/a
24/Apr/17,Hungary,361,361,n/a
25/Apr/17,Hungary,361,361,n/a
26/Apr/17,Hungary,367,367,n/a
27/Apr/17,Hungary,372,372,n/a
28/Apr/17,Hungary,382,382,n/a
29/Apr/17,Hungary,382,382,n/a
30/Apr/17,Hungary,382,382,n/a
01/May/17,Hungary,382,382,n/a
02/May/17,Hungary,382,382,n/a
03/May/17,Hungary,382,382,n/a
04/May/17,Hungary,382,382,n/a
05/May/17,Hungary,387,387,n/a
06/May/17,Hungary,387,387,n/a
07/May/17,Hungary,387,387,n/a
08/May/17,Hungary,387,387,n/a
09/May/17,Hungary,387,387,n/a
10/May/17,Hungary,387,387,n/a
11/May/17,Hungary,392,392,n/a
12/May/17,Hungary,403,403,n/a
13/May/17,Hungary,403,403,n/a
14/May/17,Hungary,411,411,n/a
15/May/17,Hungary,450,450,n/a
16/May/17,Hungary,465,465,n/a
17/May/17,Hungary,466,466,n/a
18/May/17,Hungary,467,467,n/a
19/May/17,Hungary,467,467,n/a
20/May/17,Hungary,468,468,n/a
21/May/17,Hungary,469,469,n/a
22/May/17,Hungary,471,471,n/a
23/May/17,Hungary,477,477,n/a
24/May/17,Hungary,477,477,n/a
25/May/17,Hungary,480,480,n/a
26/May/17,Hungary,480,480,n/a
27/May/17,Hungary,481,481,n/a
28/May/17,Hungary,486,486,n/a
29/May/17,Hungary,488,488,n/a
30/May/17,Hungary,494,494,n/a
31/May/17,Hungary,494,494,n/a
01/Jun/17,Hungary,496,496,n/a
02/Jun/17,Hungary,497,497,n/a
03/Jun/17,Hungary,499,499,n/a
04/Jun/17,Hungary,500,500,n/a
05/Jun/17,Hungary,502,502,n/a
06/Jun/17,Hungary,511,511,n/a
07/Jun/17,Hungary,511,511,n/a
08/Jun/17,Hungary,513,513,n/a
09/Jun/17,Hungary,513,513,n/a
10/Jun/17,Hungary,518,518,n/a
11/Jun/17,Hungary,519,519,n/a
12/Jun/17,Hungary,519,519,n/a
13/Jun/17,Hungary,534,534,n/a
14/Jun/17,Hungary,534,534,n/a
15/Jun/17,Hungary,534,534,n/a
16/Jun/17,Hungary,534,534,n/a
17/Jun/17,Hungary,534,534,n/a
18/Jun/17,Hungary,534,534,n/a
19/Jun/17,Hungary,534,534,n/a
20/Jun/17,Hungary,534,534,n/a
21/Jun/17,Hungary,541,541,n/a
22/Jun/17,Hungary,541,541,n/a
23/Jun/17,Hungary,542,542,n/a
24/Jun/17,Hungary,543,543,n/a
25/Jun/17,Hungary,543,543,n/a
26/Jun/17,Hungary,543,543,n/a
27/Jun/17,Hungary,543,543,n/a
28/Jun/17,Hungary,543,543,n/a
29/Jun/17,Hungary,544,544,n/a
30/Jun/17,Hungary,544,544,n/a
01/Jul/17,Hungary,544,544,n/a
02/Jul/17,Hungary,550,550,n/a
03/Jul/17,Hungary,550,550,n/a
04/Jul/17,Hungary,559,559,n/a
05/Jul/17,Hungary,559,559,n/a
06/Jul/17,Hungary,567,567,n/a
07/Jul/17,Hungary,570,570,n/a
08/Jul/17,Hungary,586,586,n/a
09/Jul/17,Hungary,602,602,n/a
10/Jul/17,Hungary,604,604,n/a
11/Jul/17,Hungary,604,604,n/a
12/Jul/17,Hungary,605,605,n/a
13/Jul/17,Hungary,605,605,n/a
14/Jul/17,Hungary,605,605,n/a
15/Jul/17,Hungary,605,605,n/a
16/Jul/17,Hungary,614,614,n/a
17/Jul/17,Hungary,617,617,n/a
18/Jul/17,Hungary,617,617,n/a
19/Jul/17,Hungary,617,617,n/a
20/Jul/17,Hungary,617,617,n/a
21/Jul/17,Hungary,637,637,n/a
22/Jul/17,Hungary,639,639,n/a
23/Jul/17,Hungary,657,657,n/a
24/Jul/17,Hungary,657,657,n/a
25/Jul/17,Hungary,657,657,n/a
26/Jul/17,Hungary,667,667,n/a
27/Jul/17,Hungary,683,683,n/a
28/Jul/17,Hungary,697,697,n/a
29/Jul/17,Hungary,701,701,n/a
30/Jul/17,Hungary,709,709,n/a
31/Jul/17,Hungary,709,709,n/a
01/Aug/17,Hungary,710,710,n/a
02/Aug/17,Hungary,713,713,n/a
03/Aug/17,Hungary,714,714,n/a
04/Aug/17,Hungary,714,714,n/a
05/Aug/17,Hungary,714,714,n/a
06/Aug/17,Hungary,718,718,n/a
07/Aug/17,Hungary,721,721,n/a
08/Aug/17,Hungary,723,723,n/a
09/Aug/17,Hungary,723,723,n/a
10/Aug/17,Hungary,723,723,n/a
11/Aug/17,Hungary,734,734,n/a
12/Aug/17,Hungary,752,752,n/a
13/Aug/17,Hungary,753,753,n/a
14/Aug/17,Hungary,760,760,n/a
15/Aug/17,Hungary,760,760,n/a
16/Aug/17,Hungary,788,788,n/a
17/Aug/17,Hungary,843,843,n/a
18/Aug/17,Hungary,886,886,n/a
19/Aug/17,Hungary,886,886,n/a
20/Aug/17,Hungary,887,887,n/a
21/Aug/17,Hungary,887,887,n/a
22/Aug/17,Hungary,898,898,n/a
23/Aug/17,Hungary,912,912,n/a
24/Aug/17,Hungary,916,916,n/a
25/Aug/17,Hungary,932,932,n/a
26/Aug/17,Hungary,945,945,n/a
27/Aug/17,Hungary,954,954,n/a
28/Aug/17,Hungary,967,967,n/a
29/Aug/17,Hungary,997,997,n/a
30/Aug/17,Hungary,1008,1008,n/a
31/Aug/17,Hungary,1012,1012,n/a
01/Sep/17,Hungary,1012,1012,n/a
02/Sep/17,Hungary,1040,1040,n/a
03/Sep/17,Hungary,1041,1041,n/a
04/Sep/17,Hungary,1050,1050,n/a
05/Sep/17,Hungary,1050,1050,n/a
06/Sep/17,Hungary,1078,1078,n/a
07/Sep/17,Hungary,1078,1078,n/a
08/Sep/17,Hungary,1111,1111,n/a
09/Sep/17,Hungary,1133,1133,n/a
10/Sep/17,Hungary,1133,1133,n/a
11/Sep/17,Hungary,1141,1141,n/a
12/Sep/17,Hungary,1160,1160,n/a
13/Sep/17,Hungary,1162,1162,n/a
14/Sep/17,Hungary,1166,1166,n/a
15/Sep/17,Hungary,1210,1210,n/a
16/Sep/17,Hungary,1219,1219,n/a
17/Sep/17,Hungary,1230,1230,n/a
18/Sep/17,Hungary,1232,1232,n/a
19/Sep/17,Hungary,1232,1232,n/a
20/Sep/17,Hungary,1232,1232,n/a
21/Sep/17,Hungary,1239,1239,n/a
22/Sep/17,Hungary,1263,1263,n/a
23/Sep/17,Hungary,1264,1264,n/a
24/Sep/17,Hungary,1264,1264,n/a
25/Sep/17,Hungary,1277,1277,n/a
26/Sep/17,Hungary,1278,1278,n/a
27/Sep/17,Hungary,1288,1288,n/a
28/Sep/17,Hungary,1291,1291,n/a
29/Sep/17,Hungary,1309,1309,n/a
30/Sep/17,Hungary,1324,1324,n/a
01/Oct/17,Hungary,1329,1329,n/a
02/Oct/17,Hungary,1363,1363,n/a
03/Oct/17,Hungary,1393,1393,n/a
04/Oct/17,Hungary,1393,1393,n/a
05/Oct/17,Hungary,1395,1395,n/a
06/Oct/17,Hungary,1396,1396,n/a
07/Oct/17,Hungary,1396,1396,n/a
08/Oct/17,Hungary,1425,1425,n/a
09/Oct/17,Hungary,1425,1425,n/a
10/Oct/17,Hungary,1435,1435,n/a
11/Oct/17,Hungary,1435,1435,n/a
12/Oct/17,Hungary,1447,1447,n/a
13/Oct/17,Hungary,1447,1447,n/a
14/Oct/17,Hungary,1447,1447,n/a
15/Oct/17,Hungary,1453,1453,n/a
16/Oct/17,Hungary,1453,1453,n/a
17/Oct/17,Hungary,1453,1453,n/a
18/Oct/17,Hungary,1453,1453,n/a
19/Oct/17,Hungary,1460,1460,n/a
20/Oct/17,Hungary,1460,1460,n/a
21/Oct/17,Hungary,1472,1472,n/a
22/Oct/17,Hungary,1483,1483,n/a
23/Oct/17,Hungary,1498,1498,n/a
24/Oct/17,Hungary,1498,1498,n/a
25/Oct/17,Hungary,1498,1498,n/a
26/Oct/17,Hungary,1506,1506,n/a
27/Oct/17,Hungary,1506,1506,n/a
28/Oct/17,Hungary,1506,1506,n/a
29/Oct/17,Hungary,1506,1506,n/a
30/Oct/17,Hungary,1515,1515,n/a
31/Oct/17,Hungary,1515,1515,n/a
01/Nov/17,Hungary,1517,1517,n/a
02/Nov/17,Hungary,1524,1524,n/a
03/Nov/17,Hungary,1526,1526,n/a
04/Nov/17,Hungary,1526,1526,n/a
05/Nov/17,Hungary,1526,1526,n/a
06/Nov/17,Hungary,1526,1526,n/a
07/Nov/17,Hungary,1526,1526,n/a
08/Nov/17,Hungary,1532,1532,n/a
09/Nov/17,Hungary,1532,1532,n/a
10/Nov/17,Hungary,1532,1532,n/a
11/Nov/17,Hungary,1546,1546,n/a
12/Nov/17,Hungary,1546,1546,n/a
13/Nov/17,Hungary,1546,1546,n/a
14/Nov/17,Hungary,1546,1546,n/a
15/Nov/17,Hungary,1546,1546,n/a
16/Nov/17,Hungary,1552,1552,n/a
17/Nov/17,Hungary,1552,1552,n/a
18/Nov/17,Hungary,1552,1552,n/a
19/Nov/17,Hungary,1553,1553,n/a
20/Nov/17,Hungary,1553,1553,n/a
21/Nov/17,Hungary,1553,1553,n/a
22/Nov/17,Hungary,1553,1553,n/a
23/Nov/17,Hungary,1553,1553,n/a
24/Nov/17,Hungary,1553,1553,n/a
25/Nov/17,Hungary,1553,1553,n/a
26/Nov/17,Hungary,1558,1558,n/a
27/Nov/17,Hungary,1558,1558,n/a
28/Nov/17,Hungary,1560,1560,n/a
29/Nov/17,Hungary,1560,1560,n/a
30/Nov/17,Hungary,1579,1579,n/a
01/Dec/17,Hungary,1583,1583,n/a
02/Dec/17,Hungary,1585,1585,n/a
03/Dec/17,Hungary,1585,1585,n/a
04/Dec/17,Hungary,1585,1585,n/a
05/Dec/17,Hungary,1585,1585,n/a
06/Dec/17,Hungary,1585,1585,n/a
07/Dec/17,Hungary,1585,1585,n/a
08/Dec/17,Hungary,1585,1585,n/a
09/Dec/17,Hungary,1585,1585,n/a
10/Dec/17,Hungary,1585,1585,n/a
11/Dec/17,Hungary,1585,1585,n/a
12/Dec/17,Hungary,1585,1585,n/a
13/Dec/17,Hungary,1585,1585,n/a
14/Dec/17,Hungary,1623,1623,n/a
15/Dec/17,Hungary,1623,1623,n/a
16/Dec/17,Hungary,1623,1623,n/a
17/Dec/17,Hungary,1623,1623,n/a
18/Dec/17,Hungary,1623,1623,n/a
19/Dec/17,Hungary,1623,1623,n/a
20/Dec/17,Hungary,1623,1623,n/a
21/Dec/17,Hungary,1624,1624,n/a
22/Dec/17,Hungary,1624,1624,n/a
23/Dec/17,Hungary,1625,1625,n/a
24/Dec/17,Hungary,1625,1625,n/a
25/Dec/17,Hungary,1625,1625,n/a
26/Dec/17,Hungary,1625,1625,n/a
27/Dec/17,Hungary,1625,1625,n/a
28/Dec/17,Hungary,1625,1625,n/a
29/Dec/17,Hungary,1626,1626,n/a
30/Dec/17,Hungary,1626,1626,n/a
31/Dec/17,Hungary,1626,1626,n/a
01/Jan/17,Italy,0,n/a,0
02/Jan/17,Italy,0,n/a,0
03/Jan/17,Italy,56,n/a,56
04/Jan/17,Italy,530,n/a,530
05/Jan/17,Italy,530,n/a,530
06/Jan/17,Italy,530,n/a,530
07/Jan/17,Italy,530,n/a,530
08/Jan/17,Italy,530,n/a,530
09/Jan/17,Italy,530,n/a,530
10/Jan/17,Italy,604,n/a,604
11/Jan/17,Italy,729,n/a,729
12/Jan/17,Italy,729,n/a,729
13/Jan/17,Italy,729,n/a,729
14/Jan/17,Italy,1747,n/a,1747
15/Jan/17,Italy,2185,n/a,2185
16/Jan/17,Italy,2393,n/a,2393
17/Jan/17,Italy,2393,n/a,2393
18/Jan/17,Italy,2393,n/a,2393
19/Jan/17,Italy,2393,n/a,2393
20/Jan/17,Italy,2393,n/a,2393
21/Jan/17,Italy,2393,n/a,2393
22/Jan/17,Italy,2393,n/a,2393
23/Jan/17,Italy,2393,n/a,2393
24/Jan/17,Italy,2788,n/a,2788
25/Jan/17,Italy,2788,n/a,2788
26/Jan/17,Italy,2788,n/a,2788
27/Jan/17,Italy,2788,n/a,2788
28/Jan/17,Italy,3770,n/a,3770
29/Jan/17,Italy,4292,n/a,4292
30/Jan/17,Italy,4292,n/a,4292
31/Jan/17,Italy,4467,n/a,4467
01/Feb/17,Italy,4528,n/a,4528
02/Feb/17,Italy,5410,n/a,5410
03/Feb/17,Italy,6297,n/a,6297
04/Feb/17,Italy,6602,n/a,6602
05/Feb/17,Italy,7613,n/a,7613
06/Feb/17,Italy,9223,n/a,9223
07/Feb/17,Italy,9223,n/a,9223
08/Feb/17,Italy,9355,n/a,9355
09/Feb/17,Italy,9446,n/a,9446
10/Feb/17,Italy,9446,n/a,9446
11/Feb/17,Italy,9446,n/a,9446
12/Feb/17,Italy,9446,n/a,9446
13/Feb/17,Italy,9447,n/a,9447
14/Feb/17,Italy,9447,n/a,9447
15/Feb/17,Italy,9447,n/a,9447
16/Feb/17,Italy,9447,n/a,9447
17/Feb/17,Italy,9589,n/a,9589
18/Feb/17,Italy,9646,n/a,9646
19/Feb/17,Italy,10119,n/a,10119
20/Feb/17,Italy,10131,n/a,10131
21/Feb/17,Italy,10131,n/a,10131
22/Feb/17,Italy,10710,n/a,10710
23/Feb/17,Italy,11046,n/a,11046
24/Feb/17,Italy,11440,n/a,11440
25/Feb/17,Italy,13439,n/a,13439
26/Feb/17,Italy,13439,n/a,13439
27/Feb/17,Italy,13439,n/a,13439
28/Feb/17,Italy,13439,n/a,13439
01/Mar/17,Italy,13439,n/a,13439
02/Mar/17,Italy,13439,n/a,13439
03/Mar/17,Italy,14310,n/a,14310
04/Mar/17,Italy,14310,n/a,14310
05/Mar/17,Italy,15753,n/a,15753
06/Mar/17,Italy,15837,n/a,15837
07/Mar/17,Italy,15837,n/a,15837
08/Mar/17,Italy,15842,n/a,15842
09/Mar/17,Italy,15842,n/a,15842
10/Mar/17,Italy,15842,n/a,15842
11/Mar/17,Italy,15880,n/a,15880
12/Mar/17,Italy,15880,n/a,15880
13/Mar/17,Italy,15880,n/a,15880
14/Mar/17,Italy,15880,n/a,15880
15/Mar/17,Italy,15880,n/a,15880
16/Mar/17,Italy,16213,n/a,16213
17/Mar/17,Italy,16234,n/a,16234
18/Mar/17,Italy,16243,n/a,16243
19/Mar/17,Italy,16286,n/a,16286
20/Mar/17,Italy,18278,n/a,18278
21/Mar/17,Italy,19619,n/a,19619
22/Mar/17,Italy,20721,n/a,20721
23/Mar/17,Italy,21936,n/a,21936
24/Mar/17,Italy,21936,n/a,21936
25/Mar/17,Italy,21936,n/a,21936
26/Mar/17,Italy,21986,n/a,21986
27/Mar/17,Italy,21986,n/a,21986
28/Mar/17,Italy,23162,n/a,23162
29/Mar/17,Italy,23163,n/a,23163
30/Mar/17,Italy,24268,n/a,24268
31/Mar/17,Italy,24292,n/a,24292
01/Apr/17,Italy,24292,n/a,24292
02/Apr/17,Italy,24525,n/a,24525
03/Apr/17,Italy,24525,n/a,24525
04/Apr/17,Italy,24784,n/a,24784
05/Apr/17,Italy,24784,n/a,24784
06/Apr/17,Italy,25104,n/a,25104
07/Apr/17,Italy,26662,n/a,26662
08/Apr/17,Italy,26886,n/a,26886
09/Apr/17,Italy,26886,n/a,26886
10/Apr/17,Italy,26962,n/a,26962
11/Apr/17,Italy,26996,n/a,26996
12/Apr/17,Italy,27065,n/a,27065
13/Apr/17,Italy,27065,n/a,27065
14/Apr/17,Italy,27125,n/a,27125
15/Apr/17,Italy,27737,n/a,27737
16/Apr/17,Italy,30141,n/a,30141
17/Apr/17,Italy,31778,n/a,31778
18/Apr/17,Italy,36036,n/a,36036
19/Apr/17,Italy,36726,n/a,36726
20/Apr/17,Italy,36726,n/a,36726
21/Apr/17,Italy,36869,n/a,36869
22/Apr/17,Italy,36869,n/a,36869
23/Apr/17,Italy,36869,n/a,36869
24/Apr/17,Italy,36869,n/a,36869
25/Apr/17,Italy,36869,n/a,36869
26/Apr/17,Italy,36906,n/a,36906
27/Apr/17,Italy,36906,n/a,36906
28/Apr/17,Italy,37016,n/a,37016
29/Apr/17,Italy,37016,n/a,37016
30/Apr/17,Italy,37235,n/a,37235
01/May/17,Italy,37235,n/a,37235
02/May/17,Italy,37235,n/a,37235
03/May/17,Italy,37250,n/a,37250
04/May/17,Italy,37250,n/a,37250
05/May/17,Italy,37323,n/a,37323
06/May/17,Italy,37872,n/a,37872
07/May/17,Italy,41196,n/a,41196
08/May/17,Italy,42537,n/a,42537
09/May/17,Italy,44275,n/a,44275
10/May/17,Italy,45086,n/a,45086
11/May/17,Italy,45086,n/a,45086
12/May/17,Italy,45086,n/a,45086
13/May/17,Italy,45086,n/a,45086
14/May/17,Italy,45118,n/a,45118
15/May/17,Italy,45733,n/a,45733
16/May/17,Italy,45733,n/a,45733
17/May/17,Italy,45754,n/a,45754
18/May/17,Italy,45754,n/a,45754
19/May/17,Italy,45921,n/a,45921
20/May/17,Italy,48311,n/a,48311
21/May/17,Italy,50041,n/a,50041
22/May/17,Italy,50093,n/a,50093
23/May/17,Italy,50243,n/a,50243
24/May/17,Italy,50267,n/a,50267
25/May/17,Italy,50347,n/a,50347
26/May/17,Italy,53297,n/a,53297
27/May/17,Italy,54836,n/a,54836
28/May/17,Italy,58944,n/a,58944
29/May/17,Italy,60215,n/a,60215
30/May/17,Italy,60215,n/a,60215
31/May/17,Italy,60228,n/a,60228
01/Jun/17,Italy,60228,n/a,60228
02/Jun/17,Italy,60348,n/a,60348
03/Jun/17,Italy,60348,n/a,60348
04/Jun/17,Italy,60388,n/a,60388
05/Jun/17,Italy,60980,n/a,60980
06/Jun/17,Italy,61098,n/a,61098
07/Jun/17,Italy,61234,n/a,61234
08/Jun/17,Italy,61396,n/a,61396
09/Jun/17,Italy,61396,n/a,61396
10/Jun/17,Italy,61396,n/a,61396
11/Jun/17,Italy,61903,n/a,61903
12/Jun/17,Italy,64160,n/a,64160
13/Jun/17,Italy,65450,n/a,65450
14/Jun/17,Italy,65450,n/a,65450
15/Jun/17,Italy,65523,n/a,65523
16/Jun/17,Italy,65523,n/a,65523
17/Jun/17,Italy,66915,n/a,66915
18/Jun/17,Italy,69382,n/a,69382
19/Jun/17,Italy,71005,n/a,71005
20/Jun/17,Italy,71471,n/a,71471
21/Jun/17,Italy,71978,n/a,71978
22/Jun/17,Italy,72049,n/a,72049
23/Jun/17,Italy,72049,n/a,72049
24/Jun/17,Italy,72301,n/a,72301
25/Jun/17,Italy,72858,n/a,72858
26/Jun/17,Italy,72958,n/a,72958
27/Jun/17,Italy,76625,n/a,76625
28/Jun/17,Italy,79038,n/a,79038
29/Jun/17,Italy,83169,n/a,83169
30/Jun/17,Italy,83752,n/a,83752
01/Jul/17,Italy,84668,n/a,84668
02/Jul/17,Italy,85085,n/a,85085
03/Jul/17,Italy,85183,n/a,85183
04/Jul/17,Italy,85183,n/a,85183
05/Jul/17,Italy,85183,n/a,85183
06/Jul/17,Italy,85183,n/a,85183
07/Jul/17,Italy,85200,n/a,85200
08/Jul/17,Italy,85200,n/a,85200
09/Jul/17,Italy,85200,n/a,85200
10/Jul/17,Italy,85200,n/a,85200
11/Jul/17,Italy,85200,n/a,85200
12/Jul/17,Italy,86121,n/a,86121
13/Jul/17,Italy,86619,n/a,86619
14/Jul/17,Italy,91778,n/a,91778
15/Jul/17,Italy,93344,n/a,93344
16/Jul/17,Italy,93357,n/a,93357
17/Jul/17,Italy,93357,n/a,93357
18/Jul/17,Italy,93357,n/a,93357
19/Jul/17,Italy,93369,n/a,93369
20/Jul/17,Italy,93369,n/a,93369
21/Jul/17,Italy,93369,n/a,93369
22/Jul/17,Italy,93369,n/a,93369
23/Jul/17,Italy,93417,n/a,93417
24/Jul/17,Italy,93417,n/a,93417
25/Jul/17,Italy,94434,n/a,94434
26/Jul/17,Italy,94445,n/a,94445
27/Jul/17,Italy,94445,n/a,94445
28/Jul/17,Italy,94699,n/a,94699
29/Jul/17,Italy,94724,n/a,94724
30/Jul/17,Italy,94804,n/a,94804
31/Jul/17,Italy,95213,n/a,95213
01/Aug/17,Italy,95213,n/a,95213
02/Aug/17,Italy,95217,n/a,95217
03/Aug/17,Italy,95722,n/a,95722
04/Aug/17,Italy,96076,n/a,96076
05/Aug/17,Italy,96091,n/a,96091
06/Aug/17,Italy,96440,n/a,96440
07/Aug/17,Italy,96832,n/a,96832
08/Aug/17,Italy,96832,n/a,96832
09/Aug/17,Italy,96863,n/a,96863
10/Aug/17,Italy,96949,n/a,96949
11/Aug/17,Italy,96999,n/a,96999
12/Aug/17,Italy,97295,n/a,97295
13/Aug/17,Italy,97295,n/a,97295
14/Aug/17,Italy,97345,n/a,97345
15/Aug/17,Italy,97358,n/a,97358
16/Aug/17,Italy,97460,n/a,97460
17/Aug/17,Italy,97507,n/a,97507
18/Aug/17,Italy,97539,n/a,97539
19/Aug/17,Italy,97831,n/a,97831
20/Aug/17,Italy,97933,n/a,97933
21/Aug/17,Italy,97959,n/a,97959
22/Aug/17,Italy,98074,n/a,98074
23/Aug/17,Italy,98074,n/a,98074
24/Aug/17,Italy,98074,n/a,98074
25/Aug/17,Italy,98147,n/a,98147
26/Aug/17,Italy,98201,n/a,98201
27/Aug/17,Italy,98284,n/a,98284
28/Aug/17,Italy,98318,n/a,98318
29/Aug/17,Italy,98318,n/a,98318
30/Aug/17,Italy,99107,n/a,99107
31/Aug/17,Italy,99127,n/a,99127
01/Sep/17,Italy,99413,n/a,99413
02/Sep/17,Italy,99802,n/a,99802
03/Sep/17,Italy,99848,n/a,99848
04/Sep/17,Italy,99848,n/a,99848
05/Sep/17,Italy,99848,n/a,99848
06/Sep/17,Italy,99969,n/a,99969
07/Sep/17,Italy,100065,n/a,100065
08/Sep/17,Italy,100295,n/a,100295
09/Sep/17,Italy,100306,n/a,100306
10/Sep/17,Italy,100306,n/a,100306
11/Sep/17,Italy,100306,n/a,100306
12/Sep/17,Italy,100306,n/a,100306
13/Sep/17,Italy,100327,n/a,100327
14/Sep/17,Italy,100633,n/a,100633
15/Sep/17,Italy,100918,n/a,100918
16/Sep/17,Italy,101303,n/a,101303
17/Sep/17,Italy,102536,n/a,102536
18/Sep/17,Italy,102944,n/a,102944
19/Sep/17,Italy,102944,n/a,102944
20/Sep/17,Italy,102944,n/a,102944
21/Sep/17,Italy,103052,n/a,103052
22/Sep/17,Italy,103097,n/a,103097
23/Sep/17,Italy,103135,n/a,103135
24/Sep/17,Italy,103320,n/a,103320
25/Sep/17,Italy,103374,n/a,103374
26/Sep/17,Italy,103576,n/a,103576
27/Sep/17,Italy,104084,n/a,104084
28/Sep/17,Italy,104852,n/a,104852
29/Sep/17,Italy,105144,n/a,105144
30/Sep/17,Italy,105409,n/a,105409
01/Oct/17,Italy,105690,n/a,105690
02/Oct/17,Italy,105802,n/a,105802
03/Oct/17,Italy,105942,n/a,105942
04/Oct/17,Italy,106885,n/a,106885
05/Oct/17,Italy,106889,n/a,106889
06/Oct/17,Italy,106889,n/a,106889
07/Oct/17,Italy,106944,n/a,106944
08/Oct/17,Italy,107024,n/a,107024
09/Oct/17,Italy,107312,n/a,107312
10/Oct/17,Italy,107673,n/a,107673
11/Oct/17,Italy,108398,n/a,108398
12/Oct/17,Italy,108482,n/a,108482
13/Oct/17,Italy,109272,n/a,109272
14/Oct/17,Italy,109491,n/a,109491
15/Oct/17,Italy,109681,n/a,109681
16/Oct/17,Italy,110113,n/a,110113
17/Oct/17,Italy,110183,n/a,110183
18/Oct/17,Italy,110325,n/a,110325
19/Oct/17,Italy,110565,n/a,110565
20/Oct/17,Italy,111066,n/a,111066
21/Oct/17,Italy,111066,n/a,111066
22/Oct/17,Italy,111157,n/a,111157
23/Oct/17,Italy,111210,n/a,111210
24/Oct/17,Italy,111231,n/a,111231
25/Oct/17,Italy,111231,n/a,111231
26/Oct/17,Italy,111231,n/a,111231
27/Oct/17,Italy,111240,n/a,111240
28/Oct/17,Italy,111288,n/a,111288
29/Oct/17,Italy,111293,n/a,111293
30/Oct/17,Italy,111388,n/a,111388
31/Oct/17,Italy,111397,n/a,111397
01/Nov/17,Italy,111552,n/a,111552
02/Nov/17,Italy,111593,n/a,111593
03/Nov/17,Italy,112351,n/a,112351
04/Nov/17,Italy,113437,n/a,113437
05/Nov/17,Italy,113896,n/a,113896
06/Nov/17,Italy,114282,n/a,114282
07/Nov/17,Italy,114282,n/a,114282
08/Nov/17,Italy,114413,n/a,114413
09/Nov/17,Italy,114413,n/a,114413
10/Nov/17,Italy,114518,n/a,114518
11/Nov/17,Italy,114550,n/a,114550
12/Nov/17,Italy,114550,n/a,114550
13/Nov/17,Italy,114608,n/a,114608
14/Nov/17,Italy,114608,n/a,114608
15/Nov/17,Italy,114608,n/a,114608
16/Nov/17,Italy,114608,n/a,114608
17/Nov/17,Italy,114608,n/a,114608
18/Nov/17,Italy,114608,n/a,114608
19/Nov/17,Italy,114608,n/a,114608
20/Nov/17,Italy,114608,n/a,114608
21/Nov/17,Italy,114651,n/a,114651
22/Nov/17,Italy,114675,n/a,114675
23/Nov/17,Italy,114989,n/a,114989
24/Nov/17,Italy,115683,n/a,115683
25/Nov/17,Italy,116377,n/a,116377
26/Nov/17,Italy,116634,n/a,116634
27/Nov/17,Italy,117038,n/a,117038
28/Nov/17,Italy,117038,n/a,117038
29/Nov/17,Italy,117038,n/a,117038
30/Nov/17,Italy,117042,n/a,117042
01/Dec/17,Italy,117115,n/a,117115
02/Dec/17,Italy,117115,n/a,117115
03/Dec/17,Italy,117126,n/a,117126
04/Dec/17,Italy,117126,n/a,117126
05/Dec/17,Italy,117126,n/a,117126
06/Dec/17,Italy,117127,n/a,117127
07/Dec/17,Italy,117127,n/a,117127
08/Dec/17,Italy,117155,n/a,117155
09/Dec/17,Italy,117233,n/a,117233
10/Dec/17,Italy,117266,n/a,117266
11/Dec/17,Italy,117334,n/a,117334
12/Dec/17,Italy,117884,n/a,117884
13/Dec/17,Italy,118016,n/a,118016
14/Dec/17,Italy,118060,n/a,118060
15/Dec/17,Italy,118163,n/a,118163
16/Dec/17,Italy,118570,n/a,118570
17/Dec/17,Italy,118570,n/a,118570
18/Dec/17,Italy,118891,n/a,118891
19/Dec/17,Italy,118891,n/a,118891
20/Dec/17,Italy,118920,n/a,118920
21/Dec/17,Italy,118941,n/a,118941
22/Dec/17,Italy,118941,n/a,118941
23/Dec/17,Italy,118941,n/a,118941
24/Dec/17,Italy,118941,n/a,118941
25/Dec/17,Italy,118941,n/a,118941
26/Dec/17,Italy,118941,n/a,118941
27/Dec/17,Italy,118955,n/a,118955
28/Dec/17,Italy,119316,n/a,119316
29/Dec/17,Italy,119316,n/a,119316
30/Dec/17,Italy,119316,n/a,119316
31/Dec/17,Italy,119369,n/a,119369
